latitude,longitude,record_count,source_url,retrieved_date,note
-27.3,153.0,8546,https://www.data.qld.gov.au/dataset/koala-hospital-data,2026-09-29,Coordinates aggregated to 0.1 degrees for web mapping.
-27.5,153.2,5670,https://www.data.qld.gov.au/dataset/koala-hospital-data,2026-09-29,Coordinates aggregated to 0.1 degrees for web mapping.
-27.2,153.0,3943,https://www.data.qld.gov.au/dataset/koala-hospital-data,2026-09-29,Coordinates aggregated to 0.1 degrees for web mapping.
-27.6,153.2,3441,https://www.data.qld.gov.au/dataset/koala-hospital-data,2026-09-29,Coordinates aggregated to 0.1 degrees for web mapping.
-27.5,153.3,2887,https://www.data.qld.gov.au/dataset/koala-hospital-data,2026-09-29,Coordinates aggregated to 0.1 degrees for web mapping.
-27.3,152.9,2621,https://www.data.qld.gov.au/dataset/koala-hospital-data,2026-09-29,Coordinates aggregated to 0.1 degrees for web mapping.
-27.6,153.1,2316,https://www.data.qld.gov.au/dataset/koala-hospital-data,2026-09-29,Coordinates aggregated to 0.1 degrees for web mapping.
-27.6,153.3,2084,https://www.data.qld.gov.au/dataset/koala-hospital-data,2026-09-29,Coordinates aggregated to 0.1 degrees for web mapping.
-27.5,153.1,1995,https://www.data.qld.gov.au/dataset/koala-hospital-data,2026-09-29,Coordinates aggregated to 0.1 degrees for web mapping.
-27.2,153.1,1323,https://www.data.qld.gov.au/dataset/koala-hospital-data,2026-09-29,Coordinates aggregated to 0.1 degrees for web mapping.
-27.7,152.6,1147,https://www.data.qld.gov.au/dataset/koala-hospital-data,2026-09-29,Coordinates aggregated to 0.1 degrees for web mapping.
-27.7,153.2,1130,https://www.data.qld.gov.au/dataset/koala-hospital-data,2026-09-29,Coordinates aggregated to 0.1 degrees for web mapping.
-27.2,152.9,843,https://www.data.qld.gov.au/dataset/koala-hospital-data,2026-09-29,Coordinates aggregated to 0.1 degrees for web mapping.
-28.1,153.4,824,https://www.data.qld.gov.au/dataset/koala-hospital-data,2026-09-29,Coordinates aggregated to 0.1 degrees for web mapping.
-27.1,152.9,753,https://www.data.qld.gov.au/dataset/koala-hospital-data,2026-09-29,Coordinates aggregated to 0.1 degrees for web mapping.
-27.9,153.3,699,https://www.data.qld.gov.au/dataset/koala-hospital-data,2026-09-29,Coordinates aggregated to 0.1 degrees for web mapping.
-27.7,152.7,547,https://www.data.qld.gov.au/dataset/koala-hospital-data,2026-09-29,Coordinates aggregated to 0.1 degrees for web mapping.
-27.6,152.7,513,https://www.data.qld.gov.au/dataset/koala-hospital-data,2026-09-29,Coordinates aggregated to 0.1 degrees for web mapping.
-27.8,153.1,509,https://www.data.qld.gov.au/dataset/koala-hospital-data,2026-09-29,Coordinates aggregated to 0.1 degrees for web mapping.
-28.2,153.4,459,https://www.data.qld.gov.au/dataset/koala-hospital-data,2026-09-29,Coordinates aggregated to 0.1 degrees for web mapping.
-27.1,153.0,451,https://www.data.qld.gov.au/dataset/koala-hospital-data,2026-09-29,Coordinates aggregated to 0.1 degrees for web mapping.
-27.9,153.4,429,https://www.data.qld.gov.au/dataset/koala-hospital-data,2026-09-29,Coordinates aggregated to 0.1 degrees for web mapping.
-27.6,152.9,425,https://www.data.qld.gov.au/dataset/koala-hospital-data,2026-09-29,Coordinates aggregated to 0.1 degrees for web mapping.
-28.1,153.5,370,https://www.data.qld.gov.au/dataset/koala-hospital-data,2026-09-29,Coordinates aggregated to 0.1 degrees for web mapping.
-27.4,153.0,331,https://www.data.qld.gov.au/dataset/koala-hospital-data,2026-09-29,Coordinates aggregated to 0.1 degrees for web mapping.
-27.8,153.4,320,https://www.data.qld.gov.au/dataset/koala-hospital-data,2026-09-29,Coordinates aggregated to 0.1 degrees for web mapping.
-28.0,153.3,317,https://www.data.qld.gov.au/dataset/koala-hospital-data,2026-09-29,Coordinates aggregated to 0.1 degrees for web mapping.
-27.7,153.1,302,https://www.data.qld.gov.au/dataset/koala-hospital-data,2026-09-29,Coordinates aggregated to 0.1 degrees for web mapping.
-28.0,153.2,231,https://www.data.qld.gov.au/dataset/koala-hospital-data,2026-09-29,Coordinates aggregated to 0.1 degrees for web mapping.
-27.8,152.7,230,https://www.data.qld.gov.au/dataset/koala-hospital-data,2026-09-29,Coordinates aggregated to 0.1 degrees for web mapping.
-27.4,152.5,225,https://www.data.qld.gov.au/dataset/koala-hospital-data,2026-09-29,Coordinates aggregated to 0.1 degrees for web mapping.
-27.4,152.9,224,https://www.data.qld.gov.au/dataset/koala-hospital-data,2026-09-29,Coordinates aggregated to 0.1 degrees for web mapping.
-27.3,152.4,220,https://www.data.qld.gov.au/dataset/koala-hospital-data,2026-09-29,Coordinates aggregated to 0.1 degrees for web mapping.
-27.4,152.6,199,https://www.data.qld.gov.au/dataset/koala-hospital-data,2026-09-29,Coordinates aggregated to 0.1 degrees for web mapping.
-27.1,152.4,199,https://www.data.qld.gov.au/dataset/koala-hospital-data,2026-09-29,Coordinates aggregated to 0.1 degrees for web mapping.
-27.6,152.6,195,https://www.data.qld.gov.au/dataset/koala-hospital-data,2026-09-29,Coordinates aggregated to 0.1 degrees for web mapping.
-28.2,153.5,195,https://www.data.qld.gov.au/dataset/koala-hospital-data,2026-09-29,Coordinates aggregated to 0.1 degrees for web mapping.
-27.2,152.4,194,https://www.data.qld.gov.au/dataset/koala-hospital-data,2026-09-29,Coordinates aggregated to 0.1 degrees for web mapping.
-27.8,153.3,187,https://www.data.qld.gov.au/dataset/koala-hospital-data,2026-09-29,Coordinates aggregated to 0.1 degrees for web mapping.
-27.5,152.6,175,https://www.data.qld.gov.au/dataset/koala-hospital-data,2026-09-29,Coordinates aggregated to 0.1 degrees for web mapping.
-27.8,153.0,167,https://www.data.qld.gov.au/dataset/koala-hospital-data,2026-09-29,Coordinates aggregated to 0.1 degrees for web mapping.
-27.5,152.5,167,https://www.data.qld.gov.au/dataset/koala-hospital-data,2026-09-29,Coordinates aggregated to 0.1 degrees for web mapping.
-27.9,153.1,164,https://www.data.qld.gov.au/dataset/koala-hospital-data,2026-09-29,Coordinates aggregated to 0.1 degrees for web mapping.
-25.6,152.7,164,https://www.data.qld.gov.au/dataset/koala-hospital-data,2026-09-29,Coordinates aggregated to 0.1 degrees for web mapping.
-28.0,153.4,157,https://www.data.qld.gov.au/dataset/koala-hospital-data,2026-09-29,Coordinates aggregated to 0.1 degrees for web mapping.
-27.4,153.4,155,https://www.data.qld.gov.au/dataset/koala-hospital-data,2026-09-29,Coordinates aggregated to 0.1 degrees for web mapping.
-27.8,153.2,154,https://www.data.qld.gov.au/dataset/koala-hospital-data,2026-09-29,Coordinates aggregated to 0.1 degrees for web mapping.
-27.9,152.7,143,https://www.data.qld.gov.au/dataset/koala-hospital-data,2026-09-29,Coordinates aggregated to 0.1 degrees for web mapping.
-27.6,152.8,139,https://www.data.qld.gov.au/dataset/koala-hospital-data,2026-09-29,Coordinates aggregated to 0.1 degrees for web mapping.
-27.9,153.2,131,https://www.data.qld.gov.au/dataset/koala-hospital-data,2026-09-29,Coordinates aggregated to 0.1 degrees for web mapping.
-27.7,152.5,131,https://www.data.qld.gov.au/dataset/koala-hospital-data,2026-09-29,Coordinates aggregated to 0.1 degrees for web mapping.
-26.4,153.0,131,https://www.data.qld.gov.au/dataset/koala-hospital-data,2026-09-29,Coordinates aggregated to 0.1 degrees for web mapping.
-26.4,153.1,129,https://www.data.qld.gov.au/dataset/koala-hospital-data,2026-09-29,Coordinates aggregated to 0.1 degrees for web mapping.
-26.4,152.7,121,https://www.data.qld.gov.au/dataset/koala-hospital-data,2026-09-29,Coordinates aggregated to 0.1 degrees for web mapping.
-27.7,153.3,117,https://www.data.qld.gov.au/dataset/koala-hospital-data,2026-09-29,Coordinates aggregated to 0.1 degrees for web mapping.
-27.3,153.1,117,https://www.data.qld.gov.au/dataset/koala-hospital-data,2026-09-29,Coordinates aggregated to 0.1 degrees for web mapping.
-27.3,152.6,117,https://www.data.qld.gov.au/dataset/koala-hospital-data,2026-09-29,Coordinates aggregated to 0.1 degrees for web mapping.
-28.1,153.3,116,https://www.data.qld.gov.au/dataset/koala-hospital-data,2026-09-29,Coordinates aggregated to 0.1 degrees for web mapping.
-27.1,152.6,112,https://www.data.qld.gov.au/dataset/koala-hospital-data,2026-09-29,Coordinates aggregated to 0.1 degrees for web mapping.
-27.2,152.8,109,https://www.data.qld.gov.au/dataset/koala-hospital-data,2026-09-29,Coordinates aggregated to 0.1 degrees for web mapping.
-27.4,152.4,109,https://www.data.qld.gov.au/dataset/koala-hospital-data,2026-09-29,Coordinates aggregated to 0.1 degrees for web mapping.
-27.5,153.4,105,https://www.data.qld.gov.au/dataset/koala-hospital-data,2026-09-29,Coordinates aggregated to 0.1 degrees for web mapping.
-27.7,153.0,102,https://www.data.qld.gov.au/dataset/koala-hospital-data,2026-09-29,Coordinates aggregated to 0.1 degrees for web mapping.
-26.1,152.8,100,https://www.data.qld.gov.au/dataset/koala-hospital-data,2026-09-29,Coordinates aggregated to 0.1 degrees for web mapping.
-27.7,152.8,98,https://www.data.qld.gov.au/dataset/koala-hospital-data,2026-09-29,Coordinates aggregated to 0.1 degrees for web mapping.
-27.8,152.6,84,https://www.data.qld.gov.au/dataset/koala-hospital-data,2026-09-29,Coordinates aggregated to 0.1 degrees for web mapping.
-27.4,153.5,84,https://www.data.qld.gov.au/dataset/koala-hospital-data,2026-09-29,Coordinates aggregated to 0.1 degrees for web mapping.
-28.0,152.6,84,https://www.data.qld.gov.au/dataset/koala-hospital-data,2026-09-29,Coordinates aggregated to 0.1 degrees for web mapping.
-27.4,152.0,74,https://www.data.qld.gov.au/dataset/koala-hospital-data,2026-09-29,Coordinates aggregated to 0.1 degrees for web mapping.
-26.8,152.8,72,https://www.data.qld.gov.au/dataset/koala-hospital-data,2026-09-29,Coordinates aggregated to 0.1 degrees for web mapping.
-27.5,152.4,72,https://www.data.qld.gov.au/dataset/koala-hospital-data,2026-09-29,Coordinates aggregated to 0.1 degrees for web mapping.
-27.1,152.8,70,https://www.data.qld.gov.au/dataset/koala-hospital-data,2026-09-29,Coordinates aggregated to 0.1 degrees for web mapping.
-27.3,152.8,70,https://www.data.qld.gov.au/dataset/koala-hospital-data,2026-09-29,Coordinates aggregated to 0.1 degrees for web mapping.
-27.0,152.4,66,https://www.data.qld.gov.au/dataset/koala-hospital-data,2026-09-29,Coordinates aggregated to 0.1 degrees for web mapping.
-27.5,153.0,65,https://www.data.qld.gov.au/dataset/koala-hospital-data,2026-09-29,Coordinates aggregated to 0.1 degrees for web mapping.
-28.0,152.5,63,https://www.data.qld.gov.au/dataset/koala-hospital-data,2026-09-29,Coordinates aggregated to 0.1 degrees for web mapping.
-27.2,152.6,58,https://www.data.qld.gov.au/dataset/koala-hospital-data,2026-09-29,Coordinates aggregated to 0.1 degrees for web mapping.
-27.5,152.3,55,https://www.data.qld.gov.au/dataset/koala-hospital-data,2026-09-29,Coordinates aggregated to 0.1 degrees for web mapping.
-26.2,152.4,55,https://www.data.qld.gov.au/dataset/koala-hospital-data,2026-09-29,Coordinates aggregated to 0.1 degrees for web mapping.
-26.7,153.0,53,https://www.data.qld.gov.au/dataset/koala-hospital-data,2026-09-29,Coordinates aggregated to 0.1 degrees for web mapping.
-27.6,152.0,52,https://www.data.qld.gov.au/dataset/koala-hospital-data,2026-09-29,Coordinates aggregated to 0.1 degrees for web mapping.
-28.2,153.2,49,https://www.data.qld.gov.au/dataset/koala-hospital-data,2026-09-29,Coordinates aggregated to 0.1 degrees for web mapping.
-26.7,152.8,49,https://www.data.qld.gov.au/dataset/koala-hospital-data,2026-09-29,Coordinates aggregated to 0.1 degrees for web mapping.
-28.2,152.9,49,https://www.data.qld.gov.au/dataset/koala-hospital-data,2026-09-29,Coordinates aggregated to 0.1 degrees for web mapping.
-27.5,152.9,48,https://www.data.qld.gov.au/dataset/koala-hospital-data,2026-09-29,Coordinates aggregated to 0.1 degrees for web mapping.
-27.7,152.9,48,https://www.data.qld.gov.au/dataset/koala-hospital-data,2026-09-29,Coordinates aggregated to 0.1 degrees for web mapping.
-27.9,152.6,47,https://www.data.qld.gov.au/dataset/koala-hospital-data,2026-09-29,Coordinates aggregated to 0.1 degrees for web mapping.
-28.1,152.6,47,https://www.data.qld.gov.au/dataset/koala-hospital-data,2026-09-29,Coordinates aggregated to 0.1 degrees for web mapping.
-27.5,152.0,46,https://www.data.qld.gov.au/dataset/koala-hospital-data,2026-09-29,Coordinates aggregated to 0.1 degrees for web mapping.
-26.3,152.7,46,https://www.data.qld.gov.au/dataset/koala-hospital-data,2026-09-29,Coordinates aggregated to 0.1 degrees for web mapping.
-26.2,152.7,45,https://www.data.qld.gov.au/dataset/koala-hospital-data,2026-09-29,Coordinates aggregated to 0.1 degrees for web mapping.
-27.5,152.7,43,https://www.data.qld.gov.au/dataset/koala-hospital-data,2026-09-29,Coordinates aggregated to 0.1 degrees for web mapping.
-26.4,152.9,43,https://www.data.qld.gov.au/dataset/koala-hospital-data,2026-09-29,Coordinates aggregated to 0.1 degrees for web mapping.
-26.9,152.6,42,https://www.data.qld.gov.au/dataset/koala-hospital-data,2026-09-29,Coordinates aggregated to 0.1 degrees for web mapping.
-28.0,152.7,42,https://www.data.qld.gov.au/dataset/koala-hospital-data,2026-09-29,Coordinates aggregated to 0.1 degrees for web mapping.
-27.3,152.0,42,https://www.data.qld.gov.au/dataset/koala-hospital-data,2026-09-29,Coordinates aggregated to 0.1 degrees for web mapping.
-26.6,151.8,41,https://www.data.qld.gov.au/dataset/koala-hospital-data,2026-09-29,Coordinates aggregated to 0.1 degrees for web mapping.
-28.2,153.3,40,https://www.data.qld.gov.au/dataset/koala-hospital-data,2026-09-29,Coordinates aggregated to 0.1 degrees for web mapping.
-27.4,151.7,40,https://www.data.qld.gov.au/dataset/koala-hospital-data,2026-09-29,Coordinates aggregated to 0.1 degrees for web mapping.
-27.4,151.9,40,https://www.data.qld.gov.au/dataset/koala-hospital-data,2026-09-29,Coordinates aggregated to 0.1 degrees for web mapping.
-25.5,152.7,40,https://www.data.qld.gov.au/dataset/koala-hospital-data,2026-09-29,Coordinates aggregated to 0.1 degrees for web mapping.
-27.9,153.0,38,https://www.data.qld.gov.au/dataset/koala-hospital-data,2026-09-29,Coordinates aggregated to 0.1 degrees for web mapping.
-27.6,153.0,35,https://www.data.qld.gov.au/dataset/koala-hospital-data,2026-09-29,Coordinates aggregated to 0.1 degrees for web mapping.
-26.5,153.1,34,https://www.data.qld.gov.au/dataset/koala-hospital-data,2026-09-29,Coordinates aggregated to 0.1 degrees for web mapping.
-27.3,152.1,34,https://www.data.qld.gov.au/dataset/koala-hospital-data,2026-09-29,Coordinates aggregated to 0.1 degrees for web mapping.
-27.3,152.5,32,https://www.data.qld.gov.au/dataset/koala-hospital-data,2026-09-29,Coordinates aggregated to 0.1 degrees for web mapping.
-26.4,152.8,32,https://www.data.qld.gov.au/dataset/koala-hospital-data,2026-09-29,Coordinates aggregated to 0.1 degrees for web mapping.
-28.1,153.2,32,https://www.data.qld.gov.au/dataset/koala-hospital-data,2026-09-29,Coordinates aggregated to 0.1 degrees for web mapping.
-25.6,152.6,31,https://www.data.qld.gov.au/dataset/koala-hospital-data,2026-09-29,Coordinates aggregated to 0.1 degrees for web mapping.
-26.8,152.9,31,https://www.data.qld.gov.au/dataset/koala-hospital-data,2026-09-29,Coordinates aggregated to 0.1 degrees for web mapping.
-27.4,152.1,31,https://www.data.qld.gov.au/dataset/koala-hospital-data,2026-09-29,Coordinates aggregated to 0.1 degrees for web mapping.
-26.5,151.8,31,https://www.data.qld.gov.au/dataset/koala-hospital-data,2026-09-29,Coordinates aggregated to 0.1 degrees for web mapping.
-27.2,152.5,30,https://www.data.qld.gov.au/dataset/koala-hospital-data,2026-09-29,Coordinates aggregated to 0.1 degrees for web mapping.
-27.5,152.1,29,https://www.data.qld.gov.au/dataset/koala-hospital-data,2026-09-29,Coordinates aggregated to 0.1 degrees for web mapping.
-27.6,151.9,29,https://www.data.qld.gov.au/dataset/koala-hospital-data,2026-09-29,Coordinates aggregated to 0.1 degrees for web mapping.
-27.0,153.1,28,https://www.data.qld.gov.au/dataset/koala-hospital-data,2026-09-29,Coordinates aggregated to 0.1 degrees for web mapping.
-27.3,151.9,26,https://www.data.qld.gov.au/dataset/koala-hospital-data,2026-09-29,Coordinates aggregated to 0.1 degrees for web mapping.
-27.5,152.8,26,https://www.data.qld.gov.au/dataset/koala-hospital-data,2026-09-29,Coordinates aggregated to 0.1 degrees for web mapping.
-26.5,152.7,26,https://www.data.qld.gov.au/dataset/koala-hospital-data,2026-09-29,Coordinates aggregated to 0.1 degrees for web mapping.
-26.7,152.9,25,https://www.data.qld.gov.au/dataset/koala-hospital-data,2026-09-29,Coordinates aggregated to 0.1 degrees for web mapping.
-26.1,152.9,24,https://www.data.qld.gov.au/dataset/koala-hospital-data,2026-09-29,Coordinates aggregated to 0.1 degrees for web mapping.
-27.8,152.8,23,https://www.data.qld.gov.au/dataset/koala-hospital-data,2026-09-29,Coordinates aggregated to 0.1 degrees for web mapping.
-28.2,152.0,23,https://www.data.qld.gov.au/dataset/koala-hospital-data,2026-09-29,Coordinates aggregated to 0.1 degrees for web mapping.
-26.5,153.0,23,https://www.data.qld.gov.au/dataset/koala-hospital-data,2026-09-29,Coordinates aggregated to 0.1 degrees for web mapping.
-26.2,151.9,23,https://www.data.qld.gov.au/dataset/koala-hospital-data,2026-09-29,Coordinates aggregated to 0.1 degrees for web mapping.
-26.6,151.9,22,https://www.data.qld.gov.au/dataset/koala-hospital-data,2026-09-29,Coordinates aggregated to 0.1 degrees for web mapping.
-27.5,151.9,22,https://www.data.qld.gov.au/dataset/koala-hospital-data,2026-09-29,Coordinates aggregated to 0.1 degrees for web mapping.
-27.7,151.6,21,https://www.data.qld.gov.au/dataset/koala-hospital-data,2026-09-29,Coordinates aggregated to 0.1 degrees for web mapping.
-27.4,153.2,21,https://www.data.qld.gov.au/dataset/koala-hospital-data,2026-09-29,Coordinates aggregated to 0.1 degrees for web mapping.
-27.4,153.1,21,https://www.data.qld.gov.au/dataset/koala-hospital-data,2026-09-29,Coordinates aggregated to 0.1 degrees for web mapping.
-26.7,152.5,21,https://www.data.qld.gov.au/dataset/koala-hospital-data,2026-09-29,Coordinates aggregated to 0.1 degrees for web mapping.
-27.1,152.3,21,https://www.data.qld.gov.au/dataset/koala-hospital-data,2026-09-29,Coordinates aggregated to 0.1 degrees for web mapping.
-26.2,152.5,21,https://www.data.qld.gov.au/dataset/koala-hospital-data,2026-09-29,Coordinates aggregated to 0.1 degrees for web mapping.
-26.5,151.9,21,https://www.data.qld.gov.au/dataset/koala-hospital-data,2026-09-29,Coordinates aggregated to 0.1 degrees for web mapping.
-28.2,152.8,20,https://www.data.qld.gov.au/dataset/koala-hospital-data,2026-09-29,Coordinates aggregated to 0.1 degrees for web mapping.
-26.4,151.8,20,https://www.data.qld.gov.au/dataset/koala-hospital-data,2026-09-29,Coordinates aggregated to 0.1 degrees for web mapping.
-28.2,152.7,20,https://www.data.qld.gov.au/dataset/koala-hospital-data,2026-09-29,Coordinates aggregated to 0.1 degrees for web mapping.
-27.6,152.5,19,https://www.data.qld.gov.au/dataset/koala-hospital-data,2026-09-29,Coordinates aggregated to 0.1 degrees for web mapping.
-26.7,152.0,19,https://www.data.qld.gov.au/dataset/koala-hospital-data,2026-09-29,Coordinates aggregated to 0.1 degrees for web mapping.
-26.3,152.9,18,https://www.data.qld.gov.au/dataset/koala-hospital-data,2026-09-29,Coordinates aggregated to 0.1 degrees for web mapping.
-26.9,152.1,18,https://www.data.qld.gov.au/dataset/koala-hospital-data,2026-09-29,Coordinates aggregated to 0.1 degrees for web mapping.
-26.6,152.0,18,https://www.data.qld.gov.au/dataset/koala-hospital-data,2026-09-29,Coordinates aggregated to 0.1 degrees for web mapping.
-26.9,152.3,17,https://www.data.qld.gov.au/dataset/koala-hospital-data,2026-09-29,Coordinates aggregated to 0.1 degrees for web mapping.
-27.2,152.7,17,https://www.data.qld.gov.au/dataset/koala-hospital-data,2026-09-29,Coordinates aggregated to 0.1 degrees for web mapping.
-26.2,152.6,17,https://www.data.qld.gov.au/dataset/koala-hospital-data,2026-09-29,Coordinates aggregated to 0.1 degrees for web mapping.
-26.2,152.0,17,https://www.data.qld.gov.au/dataset/koala-hospital-data,2026-09-29,Coordinates aggregated to 0.1 degrees for web mapping.
-28.1,153.1,17,https://www.data.qld.gov.au/dataset/koala-hospital-data,2026-09-29,Coordinates aggregated to 0.1 degrees for web mapping.
-27.5,152.2,16,https://www.data.qld.gov.au/dataset/koala-hospital-data,2026-09-29,Coordinates aggregated to 0.1 degrees for web mapping.
-27.4,151.8,16,https://www.data.qld.gov.au/dataset/koala-hospital-data,2026-09-29,Coordinates aggregated to 0.1 degrees for web mapping.
-26.4,152.6,16,https://www.data.qld.gov.au/dataset/koala-hospital-data,2026-09-29,Coordinates aggregated to 0.1 degrees for web mapping.
-27.4,152.7,15,https://www.data.qld.gov.au/dataset/koala-hospital-data,2026-09-29,Coordinates aggregated to 0.1 degrees for web mapping.
-27.6,151.7,15,https://www.data.qld.gov.au/dataset/koala-hospital-data,2026-09-29,Coordinates aggregated to 0.1 degrees for web mapping.
-25.4,152.9,15,https://www.data.qld.gov.au/dataset/koala-hospital-data,2026-09-29,Coordinates aggregated to 0.1 degrees for web mapping.
-27.6,152.3,14,https://www.data.qld.gov.au/dataset/koala-hospital-data,2026-09-29,Coordinates aggregated to 0.1 degrees for web mapping.
-28.0,153.0,14,https://www.data.qld.gov.au/dataset/koala-hospital-data,2026-09-29,Coordinates aggregated to 0.1 degrees for web mapping.
-26.7,153.1,14,https://www.data.qld.gov.au/dataset/koala-hospital-data,2026-09-29,Coordinates aggregated to 0.1 degrees for web mapping.
-27.7,151.7,14,https://www.data.qld.gov.au/dataset/koala-hospital-data,2026-09-29,Coordinates aggregated to 0.1 degrees for web mapping.
-27.6,152.2,14,https://www.data.qld.gov.au/dataset/koala-hospital-data,2026-09-29,Coordinates aggregated to 0.1 degrees for web mapping.
-28.1,152.8,14,https://www.data.qld.gov.au/dataset/koala-hospital-data,2026-09-29,Coordinates aggregated to 0.1 degrees for web mapping.
-28.3,152.8,14,https://www.data.qld.gov.au/dataset/koala-hospital-data,2026-09-29,Coordinates aggregated to 0.1 degrees for web mapping.
-26.2,152.8,14,https://www.data.qld.gov.au/dataset/koala-hospital-data,2026-09-29,Coordinates aggregated to 0.1 degrees for web mapping.
-27.1,152.7,13,https://www.data.qld.gov.au/dataset/koala-hospital-data,2026-09-29,Coordinates aggregated to 0.1 degrees for web mapping.
-26.8,153.0,13,https://www.data.qld.gov.au/dataset/koala-hospital-data,2026-09-29,Coordinates aggregated to 0.1 degrees for web mapping.
-27.5,153.5,13,https://www.data.qld.gov.au/dataset/koala-hospital-data,2026-09-29,Coordinates aggregated to 0.1 degrees for web mapping.
-26.3,152.8,13,https://www.data.qld.gov.au/dataset/koala-hospital-data,2026-09-29,Coordinates aggregated to 0.1 degrees for web mapping.
-26.0,152.8,13,https://www.data.qld.gov.au/dataset/koala-hospital-data,2026-09-29,Coordinates aggregated to 0.1 degrees for web mapping.
-25.3,152.9,13,https://www.data.qld.gov.au/dataset/koala-hospital-data,2026-09-29,Coordinates aggregated to 0.1 degrees for web mapping.
-27.7,151.5,13,https://www.data.qld.gov.au/dataset/koala-hospital-data,2026-09-29,Coordinates aggregated to 0.1 degrees for web mapping.
-26.9,152.9,12,https://www.data.qld.gov.au/dataset/koala-hospital-data,2026-09-29,Coordinates aggregated to 0.1 degrees for web mapping.
-27.6,152.1,12,https://www.data.qld.gov.au/dataset/koala-hospital-data,2026-09-29,Coordinates aggregated to 0.1 degrees for web mapping.
-27.7,152.4,12,https://www.data.qld.gov.au/dataset/koala-hospital-data,2026-09-29,Coordinates aggregated to 0.1 degrees for web mapping.
-27.9,152.5,12,https://www.data.qld.gov.au/dataset/koala-hospital-data,2026-09-29,Coordinates aggregated to 0.1 degrees for web mapping.
-28.2,151.9,12,https://www.data.qld.gov.au/dataset/koala-hospital-data,2026-09-29,Coordinates aggregated to 0.1 degrees for web mapping.
-26.1,152.2,12,https://www.data.qld.gov.au/dataset/koala-hospital-data,2026-09-29,Coordinates aggregated to 0.1 degrees for web mapping.
-26.3,151.9,12,https://www.data.qld.gov.au/dataset/koala-hospital-data,2026-09-29,Coordinates aggregated to 0.1 degrees for web mapping.
-27.2,152.1,12,https://www.data.qld.gov.au/dataset/koala-hospital-data,2026-09-29,Coordinates aggregated to 0.1 degrees for web mapping.
-27.6,152.4,11,https://www.data.qld.gov.au/dataset/koala-hospital-data,2026-09-29,Coordinates aggregated to 0.1 degrees for web mapping.
-26.8,152.7,11,https://www.data.qld.gov.au/dataset/koala-hospital-data,2026-09-29,Coordinates aggregated to 0.1 degrees for web mapping.
-27.0,152.5,11,https://www.data.qld.gov.au/dataset/koala-hospital-data,2026-09-29,Coordinates aggregated to 0.1 degrees for web mapping.
-27.2,152.0,11,https://www.data.qld.gov.au/dataset/koala-hospital-data,2026-09-29,Coordinates aggregated to 0.1 degrees for web mapping.
-28.1,152.9,11,https://www.data.qld.gov.au/dataset/koala-hospital-data,2026-09-29,Coordinates aggregated to 0.1 degrees for web mapping.
-27.4,152.2,11,https://www.data.qld.gov.au/dataset/koala-hospital-data,2026-09-29,Coordinates aggregated to 0.1 degrees for web mapping.
-26.3,152.0,11,https://www.data.qld.gov.au/dataset/koala-hospital-data,2026-09-29,Coordinates aggregated to 0.1 degrees for web mapping.
-26.1,152.6,11,https://www.data.qld.gov.au/dataset/koala-hospital-data,2026-09-29,Coordinates aggregated to 0.1 degrees for web mapping.
-26.9,152.5,10,https://www.data.qld.gov.au/dataset/koala-hospital-data,2026-09-29,Coordinates aggregated to 0.1 degrees for web mapping.
-26.2,152.9,10,https://www.data.qld.gov.au/dataset/koala-hospital-data,2026-09-29,Coordinates aggregated to 0.1 degrees for web mapping.
-27.5,151.7,10,https://www.data.qld.gov.au/dataset/koala-hospital-data,2026-09-29,Coordinates aggregated to 0.1 degrees for web mapping.
-26.7,152.7,10,https://www.data.qld.gov.au/dataset/koala-hospital-data,2026-09-29,Coordinates aggregated to 0.1 degrees for web mapping.
-27.5,151.8,10,https://www.data.qld.gov.au/dataset/koala-hospital-data,2026-09-29,Coordinates aggregated to 0.1 degrees for web mapping.
-28.0,151.6,10,https://www.data.qld.gov.au/dataset/koala-hospital-data,2026-09-29,Coordinates aggregated to 0.1 degrees for web mapping.
-26.1,151.8,10,https://www.data.qld.gov.au/dataset/koala-hospital-data,2026-09-29,Coordinates aggregated to 0.1 degrees for web mapping.
-26.3,153.0,10,https://www.data.qld.gov.au/dataset/koala-hospital-data,2026-09-29,Coordinates aggregated to 0.1 degrees for web mapping.
-27.4,152.3,9,https://www.data.qld.gov.au/dataset/koala-hospital-data,2026-09-29,Coordinates aggregated to 0.1 degrees for web mapping.
-27.8,152.5,9,https://www.data.qld.gov.au/dataset/koala-hospital-data,2026-09-29,Coordinates aggregated to 0.1 degrees for web mapping.
-27.2,151.3,9,https://www.data.qld.gov.au/dataset/koala-hospital-data,2026-09-29,Coordinates aggregated to 0.1 degrees for web mapping.
-27.9,152.8,9,https://www.data.qld.gov.au/dataset/koala-hospital-data,2026-09-29,Coordinates aggregated to 0.1 degrees for web mapping.
-26.5,152.6,9,https://www.data.qld.gov.au/dataset/koala-hospital-data,2026-09-29,Coordinates aggregated to 0.1 degrees for web mapping.
-26.2,151.8,9,https://www.data.qld.gov.au/dataset/koala-hospital-data,2026-09-29,Coordinates aggregated to 0.1 degrees for web mapping.
-27.2,152.3,9,https://www.data.qld.gov.au/dataset/koala-hospital-data,2026-09-29,Coordinates aggregated to 0.1 degrees for web mapping.
-26.1,152.3,8,https://www.data.qld.gov.au/dataset/koala-hospital-data,2026-09-29,Coordinates aggregated to 0.1 degrees for web mapping.
-26.6,152.4,8,https://www.data.qld.gov.au/dataset/koala-hospital-data,2026-09-29,Coordinates aggregated to 0.1 degrees for web mapping.
-28.1,152.5,8,https://www.data.qld.gov.au/dataset/koala-hospital-data,2026-09-29,Coordinates aggregated to 0.1 degrees for web mapping.
-26.8,151.1,8,https://www.data.qld.gov.au/dataset/koala-hospital-data,2026-09-29,Coordinates aggregated to 0.1 degrees for web mapping.
-28.2,153.1,8,https://www.data.qld.gov.au/dataset/koala-hospital-data,2026-09-29,Coordinates aggregated to 0.1 degrees for web mapping.
-27.6,151.6,8,https://www.data.qld.gov.au/dataset/koala-hospital-data,2026-09-29,Coordinates aggregated to 0.1 degrees for web mapping.
-27.0,152.6,8,https://www.data.qld.gov.au/dataset/koala-hospital-data,2026-09-29,Coordinates aggregated to 0.1 degrees for web mapping.
-28.7,151.9,8,https://www.data.qld.gov.au/dataset/koala-hospital-data,2026-09-29,Coordinates aggregated to 0.1 degrees for web mapping.
-26.6,152.7,8,https://www.data.qld.gov.au/dataset/koala-hospital-data,2026-09-29,Coordinates aggregated to 0.1 degrees for web mapping.
-27.1,151.3,8,https://www.data.qld.gov.au/dataset/koala-hospital-data,2026-09-29,Coordinates aggregated to 0.1 degrees for web mapping.
-28.3,152.0,8,https://www.data.qld.gov.au/dataset/koala-hospital-data,2026-09-29,Coordinates aggregated to 0.1 degrees for web mapping.
-28.1,152.4,8,https://www.data.qld.gov.au/dataset/koala-hospital-data,2026-09-29,Coordinates aggregated to 0.1 degrees for web mapping.
-21.5,148.8,8,https://www.data.qld.gov.au/dataset/koala-hospital-data,2026-09-29,Coordinates aggregated to 0.1 degrees for web mapping.
-28.1,152.2,8,https://www.data.qld.gov.au/dataset/koala-hospital-data,2026-09-29,Coordinates aggregated to 0.1 degrees for web mapping.
-26.9,152.8,7,https://www.data.qld.gov.au/dataset/koala-hospital-data,2026-09-29,Coordinates aggregated to 0.1 degrees for web mapping.
-26.9,152.7,7,https://www.data.qld.gov.au/dataset/koala-hospital-data,2026-09-29,Coordinates aggregated to 0.1 degrees for web mapping.
-27.4,152.8,7,https://www.data.qld.gov.au/dataset/koala-hospital-data,2026-09-29,Coordinates aggregated to 0.1 degrees for web mapping.
-26.3,152.6,7,https://www.data.qld.gov.au/dataset/koala-hospital-data,2026-09-29,Coordinates aggregated to 0.1 degrees for web mapping.
-28.2,151.6,7,https://www.data.qld.gov.au/dataset/koala-hospital-data,2026-09-29,Coordinates aggregated to 0.1 degrees for web mapping.
-26.6,153.0,7,https://www.data.qld.gov.au/dataset/koala-hospital-data,2026-09-29,Coordinates aggregated to 0.1 degrees for web mapping.
-28.7,152.0,7,https://www.data.qld.gov.au/dataset/koala-hospital-data,2026-09-29,Coordinates aggregated to 0.1 degrees for web mapping.
-28.3,152.7,7,https://www.data.qld.gov.au/dataset/koala-hospital-data,2026-09-29,Coordinates aggregated to 0.1 degrees for web mapping.
-27.1,153.1,6,https://www.data.qld.gov.au/dataset/koala-hospital-data,2026-09-29,Coordinates aggregated to 0.1 degrees for web mapping.
-26.9,153.0,6,https://www.data.qld.gov.au/dataset/koala-hospital-data,2026-09-29,Coordinates aggregated to 0.1 degrees for web mapping.
-26.5,152.9,6,https://www.data.qld.gov.au/dataset/koala-hospital-data,2026-09-29,Coordinates aggregated to 0.1 degrees for web mapping.
-27.4,151.6,6,https://www.data.qld.gov.au/dataset/koala-hospital-data,2026-09-29,Coordinates aggregated to 0.1 degrees for web mapping.
-28.0,152.9,6,https://www.data.qld.gov.au/dataset/koala-hospital-data,2026-09-29,Coordinates aggregated to 0.1 degrees for web mapping.
-28.6,151.9,6,https://www.data.qld.gov.au/dataset/koala-hospital-data,2026-09-29,Coordinates aggregated to 0.1 degrees for web mapping.
-26.9,152.4,6,https://www.data.qld.gov.au/dataset/koala-hospital-data,2026-09-29,Coordinates aggregated to 0.1 degrees for web mapping.
-27.0,152.9,6,https://www.data.qld.gov.au/dataset/koala-hospital-data,2026-09-29,Coordinates aggregated to 0.1 degrees for web mapping.
-28.0,151.9,6,https://www.data.qld.gov.au/dataset/koala-hospital-data,2026-09-29,Coordinates aggregated to 0.1 degrees for web mapping.
-27.2,151.7,6,https://www.data.qld.gov.au/dataset/koala-hospital-data,2026-09-29,Coordinates aggregated to 0.1 degrees for web mapping.
-28.1,151.9,6,https://www.data.qld.gov.au/dataset/koala-hospital-data,2026-09-29,Coordinates aggregated to 0.1 degrees for web mapping.
-27.6,151.8,6,https://www.data.qld.gov.au/dataset/koala-hospital-data,2026-09-29,Coordinates aggregated to 0.1 degrees for web mapping.
-28.0,152.0,6,https://www.data.qld.gov.au/dataset/koala-hospital-data,2026-09-29,Coordinates aggregated to 0.1 degrees for web mapping.
-27.3,152.2,6,https://www.data.qld.gov.au/dataset/koala-hospital-data,2026-09-29,Coordinates aggregated to 0.1 degrees for web mapping.
-27.3,152.3,6,https://www.data.qld.gov.au/dataset/koala-hospital-data,2026-09-29,Coordinates aggregated to 0.1 degrees for web mapping.
-27.2,151.9,6,https://www.data.qld.gov.au/dataset/koala-hospital-data,2026-09-29,Coordinates aggregated to 0.1 degrees for web mapping.
-26.2,152.2,6,https://www.data.qld.gov.au/dataset/koala-hospital-data,2026-09-29,Coordinates aggregated to 0.1 degrees for web mapping.
-26.2,151.7,6,https://www.data.qld.gov.au/dataset/koala-hospital-data,2026-09-29,Coordinates aggregated to 0.1 degrees for web mapping.
-27.0,152.8,6,https://www.data.qld.gov.au/dataset/koala-hospital-data,2026-09-29,Coordinates aggregated to 0.1 degrees for web mapping.
-21.6,148.7,6,https://www.data.qld.gov.au/dataset/koala-hospital-data,2026-09-29,Coordinates aggregated to 0.1 degrees for web mapping.
-26.3,151.8,6,https://www.data.qld.gov.au/dataset/koala-hospital-data,2026-09-29,Coordinates aggregated to 0.1 degrees for web mapping.
-26.8,152.3,5,https://www.data.qld.gov.au/dataset/koala-hospital-data,2026-09-29,Coordinates aggregated to 0.1 degrees for web mapping.
-26.6,153.1,5,https://www.data.qld.gov.au/dataset/koala-hospital-data,2026-09-29,Coordinates aggregated to 0.1 degrees for web mapping.
-27.0,152.3,5,https://www.data.qld.gov.au/dataset/koala-hospital-data,2026-09-29,Coordinates aggregated to 0.1 degrees for web mapping.
-25.5,152.6,5,https://www.data.qld.gov.au/dataset/koala-hospital-data,2026-09-29,Coordinates aggregated to 0.1 degrees for web mapping.
-26.5,152.0,5,https://www.data.qld.gov.au/dataset/koala-hospital-data,2026-09-29,Coordinates aggregated to 0.1 degrees for web mapping.
-27.8,151.6,5,https://www.data.qld.gov.au/dataset/koala-hospital-data,2026-09-29,Coordinates aggregated to 0.1 degrees for web mapping.
-26.5,152.8,5,https://www.data.qld.gov.au/dataset/koala-hospital-data,2026-09-29,Coordinates aggregated to 0.1 degrees for web mapping.
-26.3,152.4,5,https://www.data.qld.gov.au/dataset/koala-hospital-data,2026-09-29,Coordinates aggregated to 0.1 degrees for web mapping.
-26.6,152.8,5,https://www.data.qld.gov.au/dataset/koala-hospital-data,2026-09-29,Coordinates aggregated to 0.1 degrees for web mapping.
-26.4,151.7,5,https://www.data.qld.gov.au/dataset/koala-hospital-data,2026-09-29,Coordinates aggregated to 0.1 degrees for web mapping.
-26.2,151.6,5,https://www.data.qld.gov.au/dataset/koala-hospital-data,2026-09-29,Coordinates aggregated to 0.1 degrees for web mapping.
-27.3,151.8,5,https://www.data.qld.gov.au/dataset/koala-hospital-data,2026-09-29,Coordinates aggregated to 0.1 degrees for web mapping.
-26.1,152.7,5,https://www.data.qld.gov.au/dataset/koala-hospital-data,2026-09-29,Coordinates aggregated to 0.1 degrees for web mapping.
-27.1,152.5,4,https://www.data.qld.gov.au/dataset/koala-hospital-data,2026-09-29,Coordinates aggregated to 0.1 degrees for web mapping.
-27.0,153.0,4,https://www.data.qld.gov.au/dataset/koala-hospital-data,2026-09-29,Coordinates aggregated to 0.1 degrees for web mapping.
-26.8,153.1,4,https://www.data.qld.gov.au/dataset/koala-hospital-data,2026-09-29,Coordinates aggregated to 0.1 degrees for web mapping.
-28.2,152.1,4,https://www.data.qld.gov.au/dataset/koala-hospital-data,2026-09-29,Coordinates aggregated to 0.1 degrees for web mapping.
-27.7,152.0,4,https://www.data.qld.gov.au/dataset/koala-hospital-data,2026-09-29,Coordinates aggregated to 0.1 degrees for web mapping.
-28.6,152.0,4,https://www.data.qld.gov.au/dataset/koala-hospital-data,2026-09-29,Coordinates aggregated to 0.1 degrees for web mapping.
-27.2,151.2,4,https://www.data.qld.gov.au/dataset/koala-hospital-data,2026-09-29,Coordinates aggregated to 0.1 degrees for web mapping.
-27.2,151.6,4,https://www.data.qld.gov.au/dataset/koala-hospital-data,2026-09-29,Coordinates aggregated to 0.1 degrees for web mapping.
-27.8,152.4,4,https://www.data.qld.gov.au/dataset/koala-hospital-data,2026-09-29,Coordinates aggregated to 0.1 degrees for web mapping.
-21.7,148.7,4,https://www.data.qld.gov.au/dataset/koala-hospital-data,2026-09-29,Coordinates aggregated to 0.1 degrees for web mapping.
-26.2,152.1,4,https://www.data.qld.gov.au/dataset/koala-hospital-data,2026-09-29,Coordinates aggregated to 0.1 degrees for web mapping.
-26.6,151.7,4,https://www.data.qld.gov.au/dataset/koala-hospital-data,2026-09-29,Coordinates aggregated to 0.1 degrees for web mapping.
-26.7,151.7,4,https://www.data.qld.gov.au/dataset/koala-hospital-data,2026-09-29,Coordinates aggregated to 0.1 degrees for web mapping.
-28.3,152.9,4,https://www.data.qld.gov.au/dataset/koala-hospital-data,2026-09-29,Coordinates aggregated to 0.1 degrees for web mapping.
-26.1,151.7,4,https://www.data.qld.gov.au/dataset/koala-hospital-data,2026-09-29,Coordinates aggregated to 0.1 degrees for web mapping.
-28.0,153.1,4,https://www.data.qld.gov.au/dataset/koala-hospital-data,2026-09-29,Coordinates aggregated to 0.1 degrees for web mapping.
-26.7,151.8,4,https://www.data.qld.gov.au/dataset/koala-hospital-data,2026-09-29,Coordinates aggregated to 0.1 degrees for web mapping.
-25.6,151.6,4,https://www.data.qld.gov.au/dataset/koala-hospital-data,2026-09-29,Coordinates aggregated to 0.1 degrees for web mapping.
-27.3,151.7,3,https://www.data.qld.gov.au/dataset/koala-hospital-data,2026-09-29,Coordinates aggregated to 0.1 degrees for web mapping.
-28.3,152.3,3,https://www.data.qld.gov.au/dataset/koala-hospital-data,2026-09-29,Coordinates aggregated to 0.1 degrees for web mapping.
-27.3,149.9,3,https://www.data.qld.gov.au/dataset/koala-hospital-data,2026-09-29,Coordinates aggregated to 0.1 degrees for web mapping.
-24.9,151.1,3,https://www.data.qld.gov.au/dataset/koala-hospital-data,2026-09-29,Coordinates aggregated to 0.1 degrees for web mapping.
-25.7,152.6,3,https://www.data.qld.gov.au/dataset/koala-hospital-data,2026-09-29,Coordinates aggregated to 0.1 degrees for web mapping.
-27.1,153.2,3,https://www.data.qld.gov.au/dataset/koala-hospital-data,2026-09-29,Coordinates aggregated to 0.1 degrees for web mapping.
-29.0,153.3,3,https://www.data.qld.gov.au/dataset/koala-hospital-data,2026-09-29,Coordinates aggregated to 0.1 degrees for web mapping.
-28.3,153.0,3,https://www.data.qld.gov.au/dataset/koala-hospital-data,2026-09-29,Coordinates aggregated to 0.1 degrees for web mapping.
-26.0,152.0,3,https://www.data.qld.gov.au/dataset/koala-hospital-data,2026-09-29,Coordinates aggregated to 0.1 degrees for web mapping.
-27.1,151.6,3,https://www.data.qld.gov.au/dataset/koala-hospital-data,2026-09-29,Coordinates aggregated to 0.1 degrees for web mapping.
-27.3,151.5,3,https://www.data.qld.gov.au/dataset/koala-hospital-data,2026-09-29,Coordinates aggregated to 0.1 degrees for web mapping.
-21.8,148.9,3,https://www.data.qld.gov.au/dataset/koala-hospital-data,2026-09-29,Coordinates aggregated to 0.1 degrees for web mapping.
-26.6,152.1,3,https://www.data.qld.gov.au/dataset/koala-hospital-data,2026-09-29,Coordinates aggregated to 0.1 degrees for web mapping.
-27.3,152.7,3,https://www.data.qld.gov.au/dataset/koala-hospital-data,2026-09-29,Coordinates aggregated to 0.1 degrees for web mapping.
-25.5,152.8,3,https://www.data.qld.gov.au/dataset/koala-hospital-data,2026-09-29,Coordinates aggregated to 0.1 degrees for web mapping.
-27.9,151.3,3,https://www.data.qld.gov.au/dataset/koala-hospital-data,2026-09-29,Coordinates aggregated to 0.1 degrees for web mapping.
-28.0,151.8,3,https://www.data.qld.gov.au/dataset/koala-hospital-data,2026-09-29,Coordinates aggregated to 0.1 degrees for web mapping.
-26.7,152.4,3,https://www.data.qld.gov.au/dataset/koala-hospital-data,2026-09-29,Coordinates aggregated to 0.1 degrees for web mapping.
-28.1,151.8,3,https://www.data.qld.gov.au/dataset/koala-hospital-data,2026-09-29,Coordinates aggregated to 0.1 degrees for web mapping.
-27.5,150.0,3,https://www.data.qld.gov.au/dataset/koala-hospital-data,2026-09-29,Coordinates aggregated to 0.1 degrees for web mapping.
-27.2,152.2,3,https://www.data.qld.gov.au/dataset/koala-hospital-data,2026-09-29,Coordinates aggregated to 0.1 degrees for web mapping.
-26.8,152.5,3,https://www.data.qld.gov.au/dataset/koala-hospital-data,2026-09-29,Coordinates aggregated to 0.1 degrees for web mapping.
-26.8,152.6,3,https://www.data.qld.gov.au/dataset/koala-hospital-data,2026-09-29,Coordinates aggregated to 0.1 degrees for web mapping.
-28.0,152.4,2,https://www.data.qld.gov.au/dataset/koala-hospital-data,2026-09-29,Coordinates aggregated to 0.1 degrees for web mapping.
-27.1,151.8,2,https://www.data.qld.gov.au/dataset/koala-hospital-data,2026-09-29,Coordinates aggregated to 0.1 degrees for web mapping.
-27.3,151.6,2,https://www.data.qld.gov.au/dataset/koala-hospital-data,2026-09-29,Coordinates aggregated to 0.1 degrees for web mapping.
-28.6,151.8,2,https://www.data.qld.gov.au/dataset/koala-hospital-data,2026-09-29,Coordinates aggregated to 0.1 degrees for web mapping.
-27.7,152.3,2,https://www.data.qld.gov.au/dataset/koala-hospital-data,2026-09-29,Coordinates aggregated to 0.1 degrees for web mapping.
-28.1,152.3,2,https://www.data.qld.gov.au/dataset/koala-hospital-data,2026-09-29,Coordinates aggregated to 0.1 degrees for web mapping.
-28.2,153.0,2,https://www.data.qld.gov.au/dataset/koala-hospital-data,2026-09-29,Coordinates aggregated to 0.1 degrees for web mapping.
-28.2,152.2,2,https://www.data.qld.gov.au/dataset/koala-hospital-data,2026-09-29,Coordinates aggregated to 0.1 degrees for web mapping.
-27.3,151.4,2,https://www.data.qld.gov.au/dataset/koala-hospital-data,2026-09-29,Coordinates aggregated to 0.1 degrees for web mapping.
-27.4,151.5,2,https://www.data.qld.gov.au/dataset/koala-hospital-data,2026-09-29,Coordinates aggregated to 0.1 degrees for web mapping.
-27.9,152.9,2,https://www.data.qld.gov.au/dataset/koala-hospital-data,2026-09-29,Coordinates aggregated to 0.1 degrees for web mapping.
-26.1,152.5,2,https://www.data.qld.gov.au/dataset/koala-hospital-data,2026-09-29,Coordinates aggregated to 0.1 degrees for web mapping.
-26.3,151.5,2,https://www.data.qld.gov.au/dataset/koala-hospital-data,2026-09-29,Coordinates aggregated to 0.1 degrees for web mapping.
-22.1,149.5,2,https://www.data.qld.gov.au/dataset/koala-hospital-data,2026-09-29,Coordinates aggregated to 0.1 degrees for web mapping.
-27.3,149.8,2,https://www.data.qld.gov.au/dataset/koala-hospital-data,2026-09-29,Coordinates aggregated to 0.1 degrees for web mapping.
-27.8,151.3,2,https://www.data.qld.gov.au/dataset/koala-hospital-data,2026-09-29,Coordinates aggregated to 0.1 degrees for web mapping.
-22.3,149.5,2,https://www.data.qld.gov.au/dataset/koala-hospital-data,2026-09-29,Coordinates aggregated to 0.1 degrees for web mapping.
-23.3,150.5,2,https://www.data.qld.gov.au/dataset/koala-hospital-data,2026-09-29,Coordinates aggregated to 0.1 degrees for web mapping.
-28.5,149.4,2,https://www.data.qld.gov.au/dataset/koala-hospital-data,2026-09-29,Coordinates aggregated to 0.1 degrees for web mapping.
-27.0,152.2,2,https://www.data.qld.gov.au/dataset/koala-hospital-data,2026-09-29,Coordinates aggregated to 0.1 degrees for web mapping.
-28.4,151.1,2,https://www.data.qld.gov.au/dataset/koala-hospital-data,2026-09-29,Coordinates aggregated to 0.1 degrees for web mapping.
-27.0,152.0,2,https://www.data.qld.gov.au/dataset/koala-hospital-data,2026-09-29,Coordinates aggregated to 0.1 degrees for web mapping.
-21.8,148.8,2,https://www.data.qld.gov.au/dataset/koala-hospital-data,2026-09-29,Coordinates aggregated to 0.1 degrees for web mapping.
-28.1,153.0,2,https://www.data.qld.gov.au/dataset/koala-hospital-data,2026-09-29,Coordinates aggregated to 0.1 degrees for web mapping.
-28.0,151.1,2,https://www.data.qld.gov.au/dataset/koala-hospital-data,2026-09-29,Coordinates aggregated to 0.1 degrees for web mapping.
-26.4,151.6,2,https://www.data.qld.gov.au/dataset/koala-hospital-data,2026-09-29,Coordinates aggregated to 0.1 degrees for web mapping.
-26.7,151.9,2,https://www.data.qld.gov.au/dataset/koala-hospital-data,2026-09-29,Coordinates aggregated to 0.1 degrees for web mapping.
-26.3,152.2,2,https://www.data.qld.gov.au/dataset/koala-hospital-data,2026-09-29,Coordinates aggregated to 0.1 degrees for web mapping.
-26.4,151.3,2,https://www.data.qld.gov.au/dataset/koala-hospital-data,2026-09-29,Coordinates aggregated to 0.1 degrees for web mapping.
-22.8,147.6,2,https://www.data.qld.gov.au/dataset/koala-hospital-data,2026-09-29,Coordinates aggregated to 0.1 degrees for web mapping.
-26.2,151.3,2,https://www.data.qld.gov.au/dataset/koala-hospital-data,2026-09-29,Coordinates aggregated to 0.1 degrees for web mapping.
-28.3,151.5,2,https://www.data.qld.gov.au/dataset/koala-hospital-data,2026-09-29,Coordinates aggregated to 0.1 degrees for web mapping.
-26.6,152.9,2,https://www.data.qld.gov.au/dataset/koala-hospital-data,2026-09-29,Coordinates aggregated to 0.1 degrees for web mapping.
-22.5,148.3,2,https://www.data.qld.gov.au/dataset/koala-hospital-data,2026-09-29,Coordinates aggregated to 0.1 degrees for web mapping.
-28.1,152.0,2,https://www.data.qld.gov.au/dataset/koala-hospital-data,2026-09-29,Coordinates aggregated to 0.1 degrees for web mapping.
-26.5,152.1,2,https://www.data.qld.gov.au/dataset/koala-hospital-data,2026-09-29,Coordinates aggregated to 0.1 degrees for web mapping.
-28.0,151.5,2,https://www.data.qld.gov.au/dataset/koala-hospital-data,2026-09-29,Coordinates aggregated to 0.1 degrees for web mapping.
-21.9,148.3,2,https://www.data.qld.gov.au/dataset/koala-hospital-data,2026-09-29,Coordinates aggregated to 0.1 degrees for web mapping.
-21.2,148.9,2,https://www.data.qld.gov.au/dataset/koala-hospital-data,2026-09-29,Coordinates aggregated to 0.1 degrees for web mapping.
-27.9,151.6,2,https://www.data.qld.gov.au/dataset/koala-hospital-data,2026-09-29,Coordinates aggregated to 0.1 degrees for web mapping.
-27.7,151.8,2,https://www.data.qld.gov.au/dataset/koala-hospital-data,2026-09-29,Coordinates aggregated to 0.1 degrees for web mapping.
-27.2,151.5,2,https://www.data.qld.gov.au/dataset/koala-hospital-data,2026-09-29,Coordinates aggregated to 0.1 degrees for web mapping.
-25.3,152.8,2,https://www.data.qld.gov.au/dataset/koala-hospital-data,2026-09-29,Coordinates aggregated to 0.1 degrees for web mapping.
-24.1,148.1,2,https://www.data.qld.gov.au/dataset/koala-hospital-data,2026-09-29,Coordinates aggregated to 0.1 degrees for web mapping.
-26.4,152.0,2,https://www.data.qld.gov.au/dataset/koala-hospital-data,2026-09-29,Coordinates aggregated to 0.1 degrees for web mapping.
-26.8,152.0,2,https://www.data.qld.gov.au/dataset/koala-hospital-data,2026-09-29,Coordinates aggregated to 0.1 degrees for web mapping.
-27.6,151.5,2,https://www.data.qld.gov.au/dataset/koala-hospital-data,2026-09-29,Coordinates aggregated to 0.1 degrees for web mapping.
-28.3,152.1,2,https://www.data.qld.gov.au/dataset/koala-hospital-data,2026-09-29,Coordinates aggregated to 0.1 degrees for web mapping.
-26.9,151.8,2,https://www.data.qld.gov.au/dataset/koala-hospital-data,2026-09-29,Coordinates aggregated to 0.1 degrees for web mapping.
-26.4,152.5,2,https://www.data.qld.gov.au/dataset/koala-hospital-data,2026-09-29,Coordinates aggregated to 0.1 degrees for web mapping.
-26.3,151.7,2,https://www.data.qld.gov.au/dataset/koala-hospital-data,2026-09-29,Coordinates aggregated to 0.1 degrees for web mapping.
-26.1,151.4,2,https://www.data.qld.gov.au/dataset/koala-hospital-data,2026-09-29,Coordinates aggregated to 0.1 degrees for web mapping.
-28.2,152.6,2,https://www.data.qld.gov.au/dataset/koala-hospital-data,2026-09-29,Coordinates aggregated to 0.1 degrees for web mapping.
-27.8,151.5,2,https://www.data.qld.gov.au/dataset/koala-hospital-data,2026-09-29,Coordinates aggregated to 0.1 degrees for web mapping.
-27.9,151.8,2,https://www.data.qld.gov.au/dataset/koala-hospital-data,2026-09-29,Coordinates aggregated to 0.1 degrees for web mapping.
-28.3,152.4,2,https://www.data.qld.gov.au/dataset/koala-hospital-data,2026-09-29,Coordinates aggregated to 0.1 degrees for web mapping.
-26.3,148.9,2,https://www.data.qld.gov.au/dataset/koala-hospital-data,2026-09-29,Coordinates aggregated to 0.1 degrees for web mapping.
-24.5,148.6,1,https://www.data.qld.gov.au/dataset/koala-hospital-data,2026-09-29,Coordinates aggregated to 0.1 degrees for web mapping.
-26.9,152.2,1,https://www.data.qld.gov.au/dataset/koala-hospital-data,2026-09-29,Coordinates aggregated to 0.1 degrees for web mapping.
-25.0,152.0,1,https://www.data.qld.gov.au/dataset/koala-hospital-data,2026-09-29,Coordinates aggregated to 0.1 degrees for web mapping.
-27.1,151.0,1,https://www.data.qld.gov.au/dataset/koala-hospital-data,2026-09-29,Coordinates aggregated to 0.1 degrees for web mapping.
-35.4,153.0,1,https://www.data.qld.gov.au/dataset/koala-hospital-data,2026-09-29,Coordinates aggregated to 0.1 degrees for web mapping.
-27.9,152.3,1,https://www.data.qld.gov.au/dataset/koala-hospital-data,2026-09-29,Coordinates aggregated to 0.1 degrees for web mapping.
-28.4,153.3,1,https://www.data.qld.gov.au/dataset/koala-hospital-data,2026-09-29,Coordinates aggregated to 0.1 degrees for web mapping.
-26.8,151.9,1,https://www.data.qld.gov.au/dataset/koala-hospital-data,2026-09-29,Coordinates aggregated to 0.1 degrees for web mapping.
-28.0,148.7,1,https://www.data.qld.gov.au/dataset/koala-hospital-data,2026-09-29,Coordinates aggregated to 0.1 degrees for web mapping.
-26.0,152.7,1,https://www.data.qld.gov.au/dataset/koala-hospital-data,2026-09-29,Coordinates aggregated to 0.1 degrees for web mapping.
-27.5,148.5,1,https://www.data.qld.gov.au/dataset/koala-hospital-data,2026-09-29,Coordinates aggregated to 0.1 degrees for web mapping.
-22.7,147.5,1,https://www.data.qld.gov.au/dataset/koala-hospital-data,2026-09-29,Coordinates aggregated to 0.1 degrees for web mapping.
-20.5,148.4,1,https://www.data.qld.gov.au/dataset/koala-hospital-data,2026-09-29,Coordinates aggregated to 0.1 degrees for web mapping.
-28.7,153.3,1,https://www.data.qld.gov.au/dataset/koala-hospital-data,2026-09-29,Coordinates aggregated to 0.1 degrees for web mapping.
-26.7,151.4,1,https://www.data.qld.gov.au/dataset/koala-hospital-data,2026-09-29,Coordinates aggregated to 0.1 degrees for web mapping.
-36.6,153.2,1,https://www.data.qld.gov.au/dataset/koala-hospital-data,2026-09-29,Coordinates aggregated to 0.1 degrees for web mapping.
-28.3,153.5,1,https://www.data.qld.gov.au/dataset/koala-hospital-data,2026-09-29,Coordinates aggregated to 0.1 degrees for web mapping.
-27.9,151.4,1,https://www.data.qld.gov.au/dataset/koala-hospital-data,2026-09-29,Coordinates aggregated to 0.1 degrees for web mapping.
-27.5,151.3,1,https://www.data.qld.gov.au/dataset/koala-hospital-data,2026-09-29,Coordinates aggregated to 0.1 degrees for web mapping.
-27.1,152.1,1,https://www.data.qld.gov.au/dataset/koala-hospital-data,2026-09-29,Coordinates aggregated to 0.1 degrees for web mapping.
-28.7,153.4,1,https://www.data.qld.gov.au/dataset/koala-hospital-data,2026-09-29,Coordinates aggregated to 0.1 degrees for web mapping.
-23.5,148.2,1,https://www.data.qld.gov.au/dataset/koala-hospital-data,2026-09-29,Coordinates aggregated to 0.1 degrees for web mapping.
-27.9,151.9,1,https://www.data.qld.gov.au/dataset/koala-hospital-data,2026-09-29,Coordinates aggregated to 0.1 degrees for web mapping.
-28.2,152.5,1,https://www.data.qld.gov.au/dataset/koala-hospital-data,2026-09-29,Coordinates aggregated to 0.1 degrees for web mapping.
-27.4,149.9,1,https://www.data.qld.gov.au/dataset/koala-hospital-data,2026-09-29,Coordinates aggregated to 0.1 degrees for web mapping.
-25.7,152.7,1,https://www.data.qld.gov.au/dataset/koala-hospital-data,2026-09-29,Coordinates aggregated to 0.1 degrees for web mapping.
-24.3,151.8,1,https://www.data.qld.gov.au/dataset/koala-hospital-data,2026-09-29,Coordinates aggregated to 0.1 degrees for web mapping.
-27.9,152.0,1,https://www.data.qld.gov.au/dataset/koala-hospital-data,2026-09-29,Coordinates aggregated to 0.1 degrees for web mapping.
-27.1,152.2,1,https://www.data.qld.gov.au/dataset/koala-hospital-data,2026-09-29,Coordinates aggregated to 0.1 degrees for web mapping.
-28.2,151.7,1,https://www.data.qld.gov.au/dataset/koala-hospital-data,2026-09-29,Coordinates aggregated to 0.1 degrees for web mapping.
-27.0,152.1,1,https://www.data.qld.gov.au/dataset/koala-hospital-data,2026-09-29,Coordinates aggregated to 0.1 degrees for web mapping.
-26.1,152.4,1,https://www.data.qld.gov.au/dataset/koala-hospital-data,2026-09-29,Coordinates aggregated to 0.1 degrees for web mapping.
-27.9,152.1,1,https://www.data.qld.gov.au/dataset/koala-hospital-data,2026-09-29,Coordinates aggregated to 0.1 degrees for web mapping.
-27.8,152.2,1,https://www.data.qld.gov.au/dataset/koala-hospital-data,2026-09-29,Coordinates aggregated to 0.1 degrees for web mapping.
-21.9,148.4,1,https://www.data.qld.gov.au/dataset/koala-hospital-data,2026-09-29,Coordinates aggregated to 0.1 degrees for web mapping.
-27.7,149.7,1,https://www.data.qld.gov.au/dataset/koala-hospital-data,2026-09-29,Coordinates aggregated to 0.1 degrees for web mapping.
-24.8,151.0,1,https://www.data.qld.gov.au/dataset/koala-hospital-data,2026-09-29,Coordinates aggregated to 0.1 degrees for web mapping.
-26.5,151.7,1,https://www.data.qld.gov.au/dataset/koala-hospital-data,2026-09-29,Coordinates aggregated to 0.1 degrees for web mapping.
-22.1,148.1,1,https://www.data.qld.gov.au/dataset/koala-hospital-data,2026-09-29,Coordinates aggregated to 0.1 degrees for web mapping.
-28.6,152.6,1,https://www.data.qld.gov.au/dataset/koala-hospital-data,2026-09-29,Coordinates aggregated to 0.1 degrees for web mapping.
-26.6,151.4,1,https://www.data.qld.gov.au/dataset/koala-hospital-data,2026-09-29,Coordinates aggregated to 0.1 degrees for web mapping.
-27.9,151.7,1,https://www.data.qld.gov.au/dataset/koala-hospital-data,2026-09-29,Coordinates aggregated to 0.1 degrees for web mapping.
-28.2,151.8,1,https://www.data.qld.gov.au/dataset/koala-hospital-data,2026-09-29,Coordinates aggregated to 0.1 degrees for web mapping.
-26.0,152.1,1,https://www.data.qld.gov.au/dataset/koala-hospital-data,2026-09-29,Coordinates aggregated to 0.1 degrees for web mapping.
-28.2,148.6,1,https://www.data.qld.gov.au/dataset/koala-hospital-data,2026-09-29,Coordinates aggregated to 0.1 degrees for web mapping.
-27.3,151.0,1,https://www.data.qld.gov.au/dataset/koala-hospital-data,2026-09-29,Coordinates aggregated to 0.1 degrees for web mapping.
-25.9,151.9,1,https://www.data.qld.gov.au/dataset/koala-hospital-data,2026-09-29,Coordinates aggregated to 0.1 degrees for web mapping.
-25.5,152.4,1,https://www.data.qld.gov.au/dataset/koala-hospital-data,2026-09-29,Coordinates aggregated to 0.1 degrees for web mapping.
-27.4,151.0,1,https://www.data.qld.gov.au/dataset/koala-hospital-data,2026-09-29,Coordinates aggregated to 0.1 degrees for web mapping.
-27.4,150.9,1,https://www.data.qld.gov.au/dataset/koala-hospital-data,2026-09-29,Coordinates aggregated to 0.1 degrees for web mapping.
-25.5,151.8,1,https://www.data.qld.gov.au/dataset/koala-hospital-data,2026-09-29,Coordinates aggregated to 0.1 degrees for web mapping.
-26.8,152.1,1,https://www.data.qld.gov.au/dataset/koala-hospital-data,2026-09-29,Coordinates aggregated to 0.1 degrees for web mapping.
-28.4,149.1,1,https://www.data.qld.gov.au/dataset/koala-hospital-data,2026-09-29,Coordinates aggregated to 0.1 degrees for web mapping.
-21.1,149.2,1,https://www.data.qld.gov.au/dataset/koala-hospital-data,2026-09-29,Coordinates aggregated to 0.1 degrees for web mapping.
-25.0,151.8,1,https://www.data.qld.gov.au/dataset/koala-hospital-data,2026-09-29,Coordinates aggregated to 0.1 degrees for web mapping.
-27.6,153.4,1,https://www.data.qld.gov.au/dataset/koala-hospital-data,2026-09-29,Coordinates aggregated to 0.1 degrees for web mapping.
-21.6,148.6,1,https://www.data.qld.gov.au/dataset/koala-hospital-data,2026-09-29,Coordinates aggregated to 0.1 degrees for web mapping.
-22.7,149.7,1,https://www.data.qld.gov.au/dataset/koala-hospital-data,2026-09-29,Coordinates aggregated to 0.1 degrees for web mapping.
-21.8,149.4,1,https://www.data.qld.gov.au/dataset/koala-hospital-data,2026-09-29,Coordinates aggregated to 0.1 degrees for web mapping.
-25.2,151.7,1,https://www.data.qld.gov.au/dataset/koala-hospital-data,2026-09-29,Coordinates aggregated to 0.1 degrees for web mapping.
-20.5,147.8,1,https://www.data.qld.gov.au/dataset/koala-hospital-data,2026-09-29,Coordinates aggregated to 0.1 degrees for web mapping.
-20.0,148.2,1,https://www.data.qld.gov.au/dataset/koala-hospital-data,2026-09-29,Coordinates aggregated to 0.1 degrees for web mapping.
-27.2,150.4,1,https://www.data.qld.gov.au/dataset/koala-hospital-data,2026-09-29,Coordinates aggregated to 0.1 degrees for web mapping.
-26.0,151.4,1,https://www.data.qld.gov.au/dataset/koala-hospital-data,2026-09-29,Coordinates aggregated to 0.1 degrees for web mapping.
-27.8,151.9,1,https://www.data.qld.gov.au/dataset/koala-hospital-data,2026-09-29,Coordinates aggregated to 0.1 degrees for web mapping.
-22.7,147.6,1,https://www.data.qld.gov.au/dataset/koala-hospital-data,2026-09-29,Coordinates aggregated to 0.1 degrees for web mapping.
-21.4,148.4,1,https://www.data.qld.gov.au/dataset/koala-hospital-data,2026-09-29,Coordinates aggregated to 0.1 degrees for web mapping.
-21.3,148.9,1,https://www.data.qld.gov.au/dataset/koala-hospital-data,2026-09-29,Coordinates aggregated to 0.1 degrees for web mapping.
-20.5,148.6,1,https://www.data.qld.gov.au/dataset/koala-hospital-data,2026-09-29,Coordinates aggregated to 0.1 degrees for web mapping.
-25.8,152.5,1,https://www.data.qld.gov.au/dataset/koala-hospital-data,2026-09-29,Coordinates aggregated to 0.1 degrees for web mapping.
-22.6,148.3,1,https://www.data.qld.gov.au/dataset/koala-hospital-data,2026-09-29,Coordinates aggregated to 0.1 degrees for web mapping.
-22.5,149.5,1,https://www.data.qld.gov.au/dataset/koala-hospital-data,2026-09-29,Coordinates aggregated to 0.1 degrees for web mapping.
-22.6,147.8,1,https://www.data.qld.gov.au/dataset/koala-hospital-data,2026-09-29,Coordinates aggregated to 0.1 degrees for web mapping.
-21.6,148.8,1,https://www.data.qld.gov.au/dataset/koala-hospital-data,2026-09-29,Coordinates aggregated to 0.1 degrees for web mapping.
-28.0,151.3,1,https://www.data.qld.gov.au/dataset/koala-hospital-data,2026-09-29,Coordinates aggregated to 0.1 degrees for web mapping.
-21.3,148.1,1,https://www.data.qld.gov.au/dataset/koala-hospital-data,2026-09-29,Coordinates aggregated to 0.1 degrees for web mapping.
-22.2,148.2,1,https://www.data.qld.gov.au/dataset/koala-hospital-data,2026-09-29,Coordinates aggregated to 0.1 degrees for web mapping.
-21.5,148.9,1,https://www.data.qld.gov.au/dataset/koala-hospital-data,2026-09-29,Coordinates aggregated to 0.1 degrees for web mapping.
-25.6,152.3,1,https://www.data.qld.gov.au/dataset/koala-hospital-data,2026-09-29,Coordinates aggregated to 0.1 degrees for web mapping.
-27.5,151.6,1,https://www.data.qld.gov.au/dataset/koala-hospital-data,2026-09-29,Coordinates aggregated to 0.1 degrees for web mapping.
-28.1,152.1,1,https://www.data.qld.gov.au/dataset/koala-hospital-data,2026-09-29,Coordinates aggregated to 0.1 degrees for web mapping.
-28.3,153.2,1,https://www.data.qld.gov.au/dataset/koala-hospital-data,2026-09-29,Coordinates aggregated to 0.1 degrees for web mapping.
-27.6,150.0,1,https://www.data.qld.gov.au/dataset/koala-hospital-data,2026-09-29,Coordinates aggregated to 0.1 degrees for web mapping.
-28.7,152.1,1,https://www.data.qld.gov.au/dataset/koala-hospital-data,2026-09-29,Coordinates aggregated to 0.1 degrees for web mapping.
-28.3,153.1,1,https://www.data.qld.gov.au/dataset/koala-hospital-data,2026-09-29,Coordinates aggregated to 0.1 degrees for web mapping.
-27.6,149.8,1,https://www.data.qld.gov.au/dataset/koala-hospital-data,2026-09-29,Coordinates aggregated to 0.1 degrees for web mapping.
-20.9,148.8,1,https://www.data.qld.gov.au/dataset/koala-hospital-data,2026-09-29,Coordinates aggregated to 0.1 degrees for web mapping.
-26.5,152.4,1,https://www.data.qld.gov.au/dataset/koala-hospital-data,2026-09-29,Coordinates aggregated to 0.1 degrees for web mapping.
-26.6,150.3,1,https://www.data.qld.gov.au/dataset/koala-hospital-data,2026-09-29,Coordinates aggregated to 0.1 degrees for web mapping.
-28.8,151.9,1,https://www.data.qld.gov.au/dataset/koala-hospital-data,2026-09-29,Coordinates aggregated to 0.1 degrees for web mapping.
-22.8,149.8,1,https://www.data.qld.gov.au/dataset/koala-hospital-data,2026-09-29,Coordinates aggregated to 0.1 degrees for web mapping.
-27.8,152.1,1,https://www.data.qld.gov.au/dataset/koala-hospital-data,2026-09-29,Coordinates aggregated to 0.1 degrees for web mapping.
-27.0,151.3,1,https://www.data.qld.gov.au/dataset/koala-hospital-data,2026-09-29,Coordinates aggregated to 0.1 degrees for web mapping.
-26.4,151.9,1,https://www.data.qld.gov.au/dataset/koala-hospital-data,2026-09-29,Coordinates aggregated to 0.1 degrees for web mapping.
-25.7,152.5,1,https://www.data.qld.gov.au/dataset/koala-hospital-data,2026-09-29,Coordinates aggregated to 0.1 degrees for web mapping.
-24.6,149.1,1,https://www.data.qld.gov.au/dataset/koala-hospital-data,2026-09-29,Coordinates aggregated to 0.1 degrees for web mapping.
-27.0,152.7,1,https://www.data.qld.gov.au/dataset/koala-hospital-data,2026-09-29,Coordinates aggregated to 0.1 degrees for web mapping.
-28.0,151.4,1,https://www.data.qld.gov.au/dataset/koala-hospital-data,2026-09-29,Coordinates aggregated to 0.1 degrees for web mapping.
-28.0,151.0,1,https://www.data.qld.gov.au/dataset/koala-hospital-data,2026-09-29,Coordinates aggregated to 0.1 degrees for web mapping.
-26.1,151.6,1,https://www.data.qld.gov.au/dataset/koala-hospital-data,2026-09-29,Coordinates aggregated to 0.1 degrees for web mapping.
-22.8,149.9,1,https://www.data.qld.gov.au/dataset/koala-hospital-data,2026-09-29,Coordinates aggregated to 0.1 degrees for web mapping.
-27.0,151.8,1,https://www.data.qld.gov.au/dataset/koala-hospital-data,2026-09-29,Coordinates aggregated to 0.1 degrees for web mapping.
-27.7,151.9,1,https://www.data.qld.gov.au/dataset/koala-hospital-data,2026-09-29,Coordinates aggregated to 0.1 degrees for web mapping.
-26.7,151.6,1,https://www.data.qld.gov.au/dataset/koala-hospital-data,2026-09-29,Coordinates aggregated to 0.1 degrees for web mapping.
-26.3,152.3,1,https://www.data.qld.gov.au/dataset/koala-hospital-data,2026-09-29,Coordinates aggregated to 0.1 degrees for web mapping.
-26.8,151.8,1,https://www.data.qld.gov.au/dataset/koala-hospital-data,2026-09-29,Coordinates aggregated to 0.1 degrees for web mapping.
-26.8,150.6,1,https://www.data.qld.gov.au/dataset/koala-hospital-data,2026-09-29,Coordinates aggregated to 0.1 degrees for web mapping.
-26.1,151.9,1,https://www.data.qld.gov.au/dataset/koala-hospital-data,2026-09-29,Coordinates aggregated to 0.1 degrees for web mapping.
-25.1,152.4,1,https://www.data.qld.gov.au/dataset/koala-hospital-data,2026-09-29,Coordinates aggregated to 0.1 degrees for web mapping.
-25.6,151.3,1,https://www.data.qld.gov.au/dataset/koala-hospital-data,2026-09-29,Coordinates aggregated to 0.1 degrees for web mapping.
-28.6,151.1,1,https://www.data.qld.gov.au/dataset/koala-hospital-data,2026-09-29,Coordinates aggregated to 0.1 degrees for web mapping.
-25.3,152.7,1,https://www.data.qld.gov.au/dataset/koala-hospital-data,2026-09-29,Coordinates aggregated to 0.1 degrees for web mapping.
-21.3,149.0,1,https://www.data.qld.gov.au/dataset/koala-hospital-data,2026-09-29,Coordinates aggregated to 0.1 degrees for web mapping.
-26.6,151.1,1,https://www.data.qld.gov.au/dataset/koala-hospital-data,2026-09-29,Coordinates aggregated to 0.1 degrees for web mapping.
-21.4,149.1,1,https://www.data.qld.gov.au/dataset/koala-hospital-data,2026-09-29,Coordinates aggregated to 0.1 degrees for web mapping.
-26.8,151.2,1,https://www.data.qld.gov.au/dataset/koala-hospital-data,2026-09-29,Coordinates aggregated to 0.1 degrees for web mapping.
-25.4,152.8,1,https://www.data.qld.gov.au/dataset/koala-hospital-data,2026-09-29,Coordinates aggregated to 0.1 degrees for web mapping.
-26.8,152.2,1,https://www.data.qld.gov.au/dataset/koala-hospital-data,2026-09-29,Coordinates aggregated to 0.1 degrees for web mapping.
-26.9,151.9,1,https://www.data.qld.gov.au/dataset/koala-hospital-data,2026-09-29,Coordinates aggregated to 0.1 degrees for web mapping.
-27.8,151.8,1,https://www.data.qld.gov.au/dataset/koala-hospital-data,2026-09-29,Coordinates aggregated to 0.1 degrees for web mapping.
-26.4,151.2,1,https://www.data.qld.gov.au/dataset/koala-hospital-data,2026-09-29,Coordinates aggregated to 0.1 degrees for web mapping.
-26.7,150.6,1,https://www.data.qld.gov.au/dataset/koala-hospital-data,2026-09-29,Coordinates aggregated to 0.1 degrees for web mapping.
-28.5,151.8,1,https://www.data.qld.gov.au/dataset/koala-hospital-data,2026-09-29,Coordinates aggregated to 0.1 degrees for web mapping.
-24.4,151.3,1,https://www.data.qld.gov.au/dataset/koala-hospital-data,2026-09-29,Coordinates aggregated to 0.1 degrees for web mapping.
-26.9,151.4,1,https://www.data.qld.gov.au/dataset/koala-hospital-data,2026-09-29,Coordinates aggregated to 0.1 degrees for web mapping.
-26.6,151.0,1,https://www.data.qld.gov.au/dataset/koala-hospital-data,2026-09-29,Coordinates aggregated to 0.1 degrees for web mapping.
-28.4,152.0,1,https://www.data.qld.gov.au/dataset/koala-hospital-data,2026-09-29,Coordinates aggregated to 0.1 degrees for web mapping.
-28.5,151.9,1,https://www.data.qld.gov.au/dataset/koala-hospital-data,2026-09-29,Coordinates aggregated to 0.1 degrees for web mapping.
-28.1,151.5,1,https://www.data.qld.gov.au/dataset/koala-hospital-data,2026-09-29,Coordinates aggregated to 0.1 degrees for web mapping.
-22.7,148.4,1,https://www.data.qld.gov.au/dataset/koala-hospital-data,2026-09-29,Coordinates aggregated to 0.1 degrees for web mapping.
-25.6,151.4,1,https://www.data.qld.gov.au/dataset/koala-hospital-data,2026-09-29,Coordinates aggregated to 0.1 degrees for web mapping.
-26.6,152.3,1,https://www.data.qld.gov.au/dataset/koala-hospital-data,2026-09-29,Coordinates aggregated to 0.1 degrees for web mapping.
-28.3,152.2,1,https://www.data.qld.gov.au/dataset/koala-hospital-data,2026-09-29,Coordinates aggregated to 0.1 degrees for web mapping.
-23.7,150.3,1,https://www.data.qld.gov.au/dataset/koala-hospital-data,2026-09-29,Coordinates aggregated to 0.1 degrees for web mapping.
-27.7,153.4,1,https://www.data.qld.gov.au/dataset/koala-hospital-data,2026-09-29,Coordinates aggregated to 0.1 degrees for web mapping.
-21.2,149.0,1,https://www.data.qld.gov.au/dataset/koala-hospital-data,2026-09-29,Coordinates aggregated to 0.1 degrees for web mapping.
-26.4,152.3,1,https://www.data.qld.gov.au/dataset/koala-hospital-data,2026-09-29,Coordinates aggregated to 0.1 degrees for web mapping.
-25.9,152.9,1,https://www.data.qld.gov.au/dataset/koala-hospital-data,2026-09-29,Coordinates aggregated to 0.1 degrees for web mapping.
-26.5,152.5,1,https://www.data.qld.gov.au/dataset/koala-hospital-data,2026-09-29,Coordinates aggregated to 0.1 degrees for web mapping.
-26.1,151.5,1,https://www.data.qld.gov.au/dataset/koala-hospital-data,2026-09-29,Coordinates aggregated to 0.1 degrees for web mapping.
-26.7,150.7,1,https://www.data.qld.gov.au/dataset/koala-hospital-data,2026-09-29,Coordinates aggregated to 0.1 degrees for web mapping.
-21.2,149.1,1,https://www.data.qld.gov.au/dataset/koala-hospital-data,2026-09-29,Coordinates aggregated to 0.1 degrees for web mapping.
-27.3,150.4,1,https://www.data.qld.gov.au/dataset/koala-hospital-data,2026-09-29,Coordinates aggregated to 0.1 degrees for web mapping.
-23.7,150.4,1,https://www.data.qld.gov.au/dataset/koala-hospital-data,2026-09-29,Coordinates aggregated to 0.1 degrees for web mapping.
-25.4,151.1,1,https://www.data.qld.gov.au/dataset/koala-hospital-data,2026-09-29,Coordinates aggregated to 0.1 degrees for web mapping.
-28.1,152.7,1,https://www.data.qld.gov.au/dataset/koala-hospital-data,2026-09-29,Coordinates aggregated to 0.1 degrees for web mapping.
-27.1,151.9,1,https://www.data.qld.gov.au/dataset/koala-hospital-data,2026-09-29,Coordinates aggregated to 0.1 degrees for web mapping.
-24.9,150.1,1,https://www.data.qld.gov.au/dataset/koala-hospital-data,2026-09-29,Coordinates aggregated to 0.1 degrees for web mapping.
-26.7,152.1,1,https://www.data.qld.gov.au/dataset/koala-hospital-data,2026-09-29,Coordinates aggregated to 0.1 degrees for web mapping.
-28.0,152.2,1,https://www.data.qld.gov.au/dataset/koala-hospital-data,2026-09-29,Coordinates aggregated to 0.1 degrees for web mapping.
