year,record_count,sick_count,injured_count,caused_by_dog_count,orphaned_count,under_threat_count,dead_count,conjunctivitis_count,cystitis_count,wasted_count,sick_other_count,vehicle_hit_count,fall_count,released_count,source_url,retrieved_date
1996,4,0,0,2,0,0,0,0,0,0,0,0,0,0,https://www.data.qld.gov.au/dataset/koala-hospital-data,2026-09-29
1997,1959,615,593,210,1,0,410,298,329,56,0,514,0,287,https://www.data.qld.gov.au/dataset/koala-hospital-data,2026-09-29
1998,1901,657,432,131,0,0,318,307,332,72,0,405,0,297,https://www.data.qld.gov.au/dataset/koala-hospital-data,2026-09-29
1999,1945,772,510,163,0,0,360,353,364,125,0,411,0,302,https://www.data.qld.gov.au/dataset/koala-hospital-data,2026-09-29
2000,2885,1033,596,191,0,0,386,445,599,226,0,473,0,348,https://www.data.qld.gov.au/dataset/koala-hospital-data,2026-09-29
2001,2348,808,541,205,1,0,440,353,468,246,0,503,0,290,https://www.data.qld.gov.au/dataset/koala-hospital-data,2026-09-29
2002,2517,782,743,181,58,0,434,299,470,275,0,542,5,349,https://www.data.qld.gov.au/dataset/koala-hospital-data,2026-09-29
2003,2301,685,380,152,71,0,407,325,428,370,0,492,6,325,https://www.data.qld.gov.au/dataset/koala-hospital-data,2026-09-29
2004,2655,737,511,150,50,0,408,333,474,319,0,579,3,275,https://www.data.qld.gov.au/dataset/koala-hospital-data,2026-09-29
2005,2574,744,510,144,45,0,384,328,467,236,0,493,1,311,https://www.data.qld.gov.au/dataset/koala-hospital-data,2026-09-29
2006,2213,687,405,151,43,0,364,275,394,293,0,460,3,373,https://www.data.qld.gov.au/dataset/koala-hospital-data,2026-09-29
2007,2236,762,444,155,39,0,360,313,463,362,0,488,1,336,https://www.data.qld.gov.au/dataset/koala-hospital-data,2026-09-29
2008,2406,836,479,109,24,0,326,321,427,338,0,485,2,427,https://www.data.qld.gov.au/dataset/koala-hospital-data,2026-09-29
2009,3474,1013,492,155,29,0,325,442,549,542,0,497,1,508,https://www.data.qld.gov.au/dataset/koala-hospital-data,2026-09-29
2010,3406,910,422,125,32,0,327,331,510,511,0,425,0,479,https://www.data.qld.gov.au/dataset/koala-hospital-data,2026-09-29
2011,2065,755,422,113,30,0,325,296,402,497,0,443,0,535,https://www.data.qld.gov.au/dataset/koala-hospital-data,2026-09-29
2012,3272,916,417,116,25,1,324,380,503,572,0,431,1,608,https://www.data.qld.gov.au/dataset/koala-hospital-data,2026-09-29
2013,2351,868,336,118,29,0,272,308,480,544,0,327,2,646,https://www.data.qld.gov.au/dataset/koala-hospital-data,2026-09-29
2014,1953,814,316,184,33,3,360,294,453,601,0,326,3,538,https://www.data.qld.gov.au/dataset/koala-hospital-data,2026-09-29
2015,1275,554,300,91,51,40,246,231,244,459,0,305,19,307,https://www.data.qld.gov.au/dataset/koala-hospital-data,2026-09-29
2016,1342,665,295,96,46,64,227,262,359,568,0,322,42,329,https://www.data.qld.gov.au/dataset/koala-hospital-data,2026-09-29
2017,1226,618,279,74,45,83,187,268,309,490,0,296,24,375,https://www.data.qld.gov.au/dataset/koala-hospital-data,2026-09-29
2018,1261,597,262,77,51,162,186,240,323,508,0,263,36,412,https://www.data.qld.gov.au/dataset/koala-hospital-data,2026-09-29
2019,1814,1000,356,84,60,208,206,394,584,882,0,337,26,546,https://www.data.qld.gov.au/dataset/koala-hospital-data,2026-09-29
2020,1624,852,353,89,82,211,160,306,479,682,0,308,28,595,https://www.data.qld.gov.au/dataset/koala-hospital-data,2026-09-29
2021,1559,798,328,76,64,208,143,287,387,632,0,296,33,636,https://www.data.qld.gov.au/dataset/koala-hospital-data,2026-09-29
2022,1487,706,329,74,75,105,116,257,322,590,0,257,37,623,https://www.data.qld.gov.au/dataset/koala-hospital-data,2026-09-29
2023,1884,1014,397,73,81,171,162,326,503,817,0,353,40,722,https://www.data.qld.gov.au/dataset/koala-hospital-data,2026-09-29
2024,1390,731,323,63,66,178,94,242,306,554,0,239,38,610,https://www.data.qld.gov.au/dataset/koala-hospital-data,2026-09-29
2025,481,322,91,27,29,21,37,118,142,263,0,63,13,159,https://www.data.qld.gov.au/dataset/koala-hospital-data,2026-09-29
