estimate_year,population_group,geographic_coverage,lower_estimate,upper_estimate,unit,method,source_url,retrieved_date,note
2023,National,Australia,287830,628010,koalas,Data-driven NKMP model,https://www.nkmp.org.au/populations.php,2026-09-29,Model estimate revisions are not population trends. National bounds are reported independently; do not sum subgroup bounds.
2023,Listed,QLD; NSW; ACT,117050,244440,koalas,Data-driven NKMP model,https://www.nkmp.org.au/populations.php,2026-09-29,Model estimate revisions are not population trends. National bounds are reported independently; do not sum subgroup bounds.
2023,Unlisted,VIC; SA,170780,383570,koalas,Data-driven NKMP model,https://www.nkmp.org.au/populations.php,2026-09-29,Model estimate revisions are not population trends. National bounds are reported independently; do not sum subgroup bounds.
2024,National,Australia,224000,524000,koalas,Data-driven NKMP model,https://www.nkmp.org.au/populations.php,2026-09-29,Model estimate revisions are not population trends. National bounds are reported independently; do not sum subgroup bounds.
2024,Listed,QLD; NSW; ACT,95000,238000,koalas,Data-driven NKMP model,https://www.nkmp.org.au/populations.php,2026-09-29,Model estimate revisions are not population trends. National bounds are reported independently; do not sum subgroup bounds.
2024,Unlisted,VIC; SA,129000,286000,koalas,Data-driven NKMP model,https://www.nkmp.org.au/populations.php,2026-09-29,Model estimate revisions are not population trends. National bounds are reported independently; do not sum subgroup bounds.
2025,National,Australia,729000,918000,koalas,Data-driven NKMP model,https://www.nkmp.org.au/populations.php,2026-09-29,Model estimate revisions are not population trends. National bounds are reported independently; do not sum subgroup bounds.
2025,Listed,QLD; NSW; ACT,398000,569000,koalas,Data-driven NKMP model,https://www.nkmp.org.au/populations.php,2026-09-29,Model estimate revisions are not population trends. National bounds are reported independently; do not sum subgroup bounds.
2025,Unlisted,VIC; SA,303000,381000,koalas,Data-driven NKMP model,https://www.nkmp.org.au/populations.php,2026-09-29,Model estimate revisions are not population trends. National bounds are reported independently; do not sum subgroup bounds.
